-- phpMyAdmin SQL Dump
-- version 4.8.5
-- https://www.phpmyadmin.net/
--
-- Host: 127.0.0.1
-- Waktu pembuatan: 28 Apr 2026 pada 00.12
-- Versi server: 10.1.38-MariaDB
-- Versi PHP: 5.6.40

SET SQL_MODE = "NO_AUTO_VALUE_ON_ZERO";
SET AUTOCOMMIT = 0;
START TRANSACTION;
SET time_zone = "+00:00";


/*!40101 SET @OLD_CHARACTER_SET_CLIENT=@@CHARACTER_SET_CLIENT */;
/*!40101 SET @OLD_CHARACTER_SET_RESULTS=@@CHARACTER_SET_RESULTS */;
/*!40101 SET @OLD_COLLATION_CONNECTION=@@COLLATION_CONNECTION */;
/*!40101 SET NAMES utf8mb4 */;

--
-- Database: `busticketci`
--

-- --------------------------------------------------------

--
-- Struktur dari tabel `tbl_access_menu`
--

CREATE TABLE `tbl_access_menu` (
  `kd_access_menu` int(11) DEFAULT NULL,
  `kd_level` int(11) DEFAULT NULL,
  `kd_menu` int(11) DEFAULT NULL
) ENGINE=InnoDB DEFAULT CHARSET=latin1;

--
-- Dumping data untuk tabel `tbl_access_menu`
--

INSERT INTO `tbl_access_menu` (`kd_access_menu`, `kd_level`, `kd_menu`) VALUES
(1, 1, 1),
(2, 1, 2),
(3, 2, 2),
(1, 1, 1),
(2, 1, 2),
(3, 2, 2);

-- --------------------------------------------------------

--
-- Struktur dari tabel `tbl_admin`
--

CREATE TABLE `tbl_admin` (
  `kd_admin` varchar(50) NOT NULL,
  `nama_admin` varchar(35) DEFAULT NULL,
  `username_admin` varchar(30) DEFAULT NULL,
  `password_admin` varchar(256) DEFAULT NULL,
  `img_admin` varchar(35) DEFAULT NULL,
  `email_admin` varchar(35) DEFAULT NULL,
  `level_admin` varchar(12) DEFAULT NULL,
  `status_admin` int(1) DEFAULT NULL,
  `date_create_admin` varchar(50) DEFAULT NULL
) ENGINE=InnoDB DEFAULT CHARSET=latin1;

--
-- Dumping data untuk tabel `tbl_admin`
--

INSERT INTO `tbl_admin` (`kd_admin`, `nama_admin`, `username_admin`, `password_admin`, `img_admin`, `email_admin`, `level_admin`, `status_admin`, `date_create_admin`) VALUES
('ADM0001', 'Administrator', 'admin', '$2y$10$UsrdRudbABSLLD5ljkPeIOiSJkILOhYdHdzluUi0UnbjQqe5XFaWG', 'assets/backend/img/default.png', 'adm@gmail.com', '2', 1, '1552276812'),
('ADM0002', 'Second Admin', 'admin2', '$2y$10$UsrdRudbABSLLD5ljkPeIOiSJkILOhYdHdzluUi0UnbjQqe5XFaWG', 'assets/backend/img/default.png', 'cbahyu@gmail.com', '1', 1, '1552819095'),
('ADM0003', 'BS Owner', 'owner', '$2y$10$UsrdRudbABSLLD5ljkPeIOiSJkILOhYdHdzluUi0UnbjQqe5XFaWG', 'assets/backend/img/default.png', 'owner@gmail.com', '1', 1, '1552819095');

-- --------------------------------------------------------

--
-- Struktur dari tabel `tbl_bank`
--

CREATE TABLE `tbl_bank` (
  `kd_bank` varchar(50) NOT NULL,
  `nasabah_bank` varchar(50) DEFAULT NULL,
  `nama_bank` varchar(50) DEFAULT NULL,
  `nomrek_bank` varchar(50) DEFAULT NULL,
  `photo_bank` varchar(100) DEFAULT NULL
) ENGINE=InnoDB DEFAULT CHARSET=latin1;

--
-- Dumping data untuk tabel `tbl_bank`
--

INSERT INTO `tbl_bank` (`kd_bank`, `nasabah_bank`, `nama_bank`, `nomrek_bank`, `photo_bank`) VALUES
('BNK0001', 'Dimas Yoga', 'BANK SYARIAH INDONESIA', '2006200218022003', '/assets/frontend/img/bank/images_(1).jpg');

-- --------------------------------------------------------

--
-- Struktur dari tabel `tbl_bus`
--

CREATE TABLE `tbl_bus` (
  `kd_bus` varchar(50) NOT NULL,
  `nama_bus` varchar(50) DEFAULT NULL,
  `plat_bus` varchar(50) DEFAULT NULL,
  `kapasitas_bus` int(13) DEFAULT NULL,
  `status_bus` int(1) DEFAULT NULL,
  `desc_bus` varchar(50) DEFAULT NULL
) ENGINE=InnoDB DEFAULT CHARSET=latin1;

--
-- Dumping data untuk tabel `tbl_bus`
--

INSERT INTO `tbl_bus` (`kd_bus`, `nama_bus`, `plat_bus`, `kapasitas_bus`, `status_bus`, `desc_bus`) VALUES
('B001', 'SINAR JAYA', 'B354TSJ', 21, 1, NULL),
('B002', 'GGMU', 'B313JMH', 23, 1, NULL);

-- --------------------------------------------------------

--
-- Struktur dari tabel `tbl_jadwal`
--

CREATE TABLE `tbl_jadwal` (
  `kd_jadwal` varchar(50) NOT NULL,
  `kd_bus` varchar(50) DEFAULT NULL,
  `kd_tujuan` varchar(50) DEFAULT NULL,
  `kd_asal` varchar(50) DEFAULT NULL,
  `wilayah_jadwal` varchar(50) DEFAULT NULL,
  `jam_berangkat_jadwal` time DEFAULT NULL,
  `jam_tiba_jadwal` time DEFAULT NULL,
  `harga_jadwal` varchar(50) NOT NULL
) ENGINE=InnoDB DEFAULT CHARSET=latin1;

--
-- Dumping data untuk tabel `tbl_jadwal`
--

INSERT INTO `tbl_jadwal` (`kd_jadwal`, `kd_bus`, `kd_tujuan`, `kd_asal`, `wilayah_jadwal`, `jam_berangkat_jadwal`, `jam_tiba_jadwal`, `harga_jadwal`) VALUES
('J0001', 'B001', 'TJ003', 'TJ001', 'DIY YOGYAKARTA', '08:00:00', '22:00:00', '300000'),
('J0002', 'B002', 'TJ003', 'TJ002', 'DIY YOGYAKARTA', '05:00:00', '18:00:00', '400000');

-- --------------------------------------------------------

--
-- Struktur dari tabel `tbl_konfirmasi`
--

CREATE TABLE `tbl_konfirmasi` (
  `kd_konfirmasi` varchar(50) NOT NULL,
  `kd_order` varchar(50) DEFAULT NULL,
  `nama_konfirmasi` varchar(50) DEFAULT NULL,
  `nama_bank_konfirmasi` varchar(50) DEFAULT NULL,
  `norek_konfirmasi` varchar(50) DEFAULT NULL,
  `total_konfirmasi` varchar(50) DEFAULT NULL,
  `photo_konfirmasi` varchar(100) DEFAULT NULL
) ENGINE=InnoDB DEFAULT CHARSET=latin1;

--
-- Dumping data untuk tabel `tbl_konfirmasi`
--

INSERT INTO `tbl_konfirmasi` (`kd_konfirmasi`, `kd_order`, `nama_konfirmasi`, `nama_bank_konfirmasi`, `norek_konfirmasi`, `total_konfirmasi`, `photo_konfirmasi`) VALUES
('KF0001', 'ORD00001', 'DIMAS', 'BCA', '31931837817361761', '300000', '/assets/frontend/upload/payment/images_(1).jpg');

-- --------------------------------------------------------

--
-- Struktur dari tabel `tbl_level`
--

CREATE TABLE `tbl_level` (
  `kd_level` int(11) NOT NULL,
  `nama_level` varchar(50) NOT NULL DEFAULT '0'
) ENGINE=InnoDB DEFAULT CHARSET=latin1;

--
-- Dumping data untuk tabel `tbl_level`
--

INSERT INTO `tbl_level` (`kd_level`, `nama_level`) VALUES
(1, 'owner'),
(2, 'administrator');

-- --------------------------------------------------------

--
-- Struktur dari tabel `tbl_menu`
--

CREATE TABLE `tbl_menu` (
  `kd_menu` int(11) NOT NULL,
  `nama_menu` varchar(50) NOT NULL DEFAULT '0'
) ENGINE=InnoDB DEFAULT CHARSET=latin1;

--
-- Dumping data untuk tabel `tbl_menu`
--

INSERT INTO `tbl_menu` (`kd_menu`, `nama_menu`) VALUES
(1, 'owner'),
(2, 'administrator');

-- --------------------------------------------------------

--
-- Struktur dari tabel `tbl_order`
--

CREATE TABLE `tbl_order` (
  `id_order` int(11) NOT NULL,
  `kd_order` varchar(50) DEFAULT NULL,
  `kd_tiket` varchar(50) DEFAULT NULL,
  `kd_jadwal` varchar(50) DEFAULT NULL,
  `kd_pelanggan` varchar(50) DEFAULT NULL,
  `kd_bank` varchar(50) DEFAULT NULL,
  `asal_order` varchar(200) DEFAULT NULL,
  `nama_order` varchar(50) DEFAULT NULL,
  `tgl_beli_order` varchar(50) DEFAULT NULL,
  `tgl_berangkat_order` varchar(50) DEFAULT NULL,
  `nama_kursi_order` varchar(50) DEFAULT NULL,
  `umur_kursi_order` varchar(50) DEFAULT NULL,
  `no_kursi_order` varchar(50) DEFAULT NULL,
  `no_ktp_order` varchar(50) DEFAULT NULL,
  `no_tlpn_order` varchar(50) DEFAULT NULL,
  `alamat_order` varchar(100) DEFAULT NULL,
  `email_order` varchar(100) DEFAULT NULL,
  `expired_order` varchar(50) DEFAULT NULL,
  `qrcode_order` varchar(100) DEFAULT NULL,
  `status_order` varchar(2) DEFAULT NULL
) ENGINE=InnoDB DEFAULT CHARSET=latin1;

--
-- Dumping data untuk tabel `tbl_order`
--

INSERT INTO `tbl_order` (`id_order`, `kd_order`, `kd_tiket`, `kd_jadwal`, `kd_pelanggan`, `kd_bank`, `asal_order`, `nama_order`, `tgl_beli_order`, `tgl_berangkat_order`, `nama_kursi_order`, `umur_kursi_order`, `no_kursi_order`, `no_ktp_order`, `no_tlpn_order`, `alamat_order`, `email_order`, `expired_order`, `qrcode_order`, `status_order`) VALUES
(1, 'ORD00001', 'TORD00001J00012026042817', 'J0001', 'CA0024', 'BNK0001', 'TJ001', 'DIMAS YOGA SAPUTRA', 'Tuesday, 28 April 2026, 04:51', '2026-04-28', 'Dimas', '19', '17', '321718973817381', '085714410195', 'kavling tanah tinggi,rt 001/rw 025,setia asih,kecamatan tarumajaya, kabupaten bekasi', 'dimasyogasaputra354@gmail.com', '29-04-2026 04:51:32', 'assets/frontend/upload/qrcode/ORD00001.png', '2');

-- --------------------------------------------------------

--
-- Struktur dari tabel `tbl_pelanggan`
--

CREATE TABLE `tbl_pelanggan` (
  `kd_pelanggan` varchar(50) COLLATE latin1_general_ci NOT NULL,
  `username_pelanggan` varchar(50) COLLATE latin1_general_ci NOT NULL,
  `password_pelanggan` varchar(200) COLLATE latin1_general_ci NOT NULL,
  `no_ktp_pelanggan` varchar(50) COLLATE latin1_general_ci NOT NULL,
  `nama_pelanggan` varchar(100) COLLATE latin1_general_ci NOT NULL,
  `alamat_pelanggan` varchar(200) COLLATE latin1_general_ci NOT NULL,
  `email_pelanggan` varchar(100) COLLATE latin1_general_ci NOT NULL,
  `telpon_pelanggan` varchar(20) COLLATE latin1_general_ci NOT NULL,
  `img_pelanggan` varchar(200) COLLATE latin1_general_ci NOT NULL,
  `status_pelanggan` int(1) DEFAULT NULL,
  `date_create_pelanggan` varchar(50) COLLATE latin1_general_ci DEFAULT NULL
) ENGINE=MyISAM DEFAULT CHARSET=latin1 COLLATE=latin1_general_ci;

--
-- Dumping data untuk tabel `tbl_pelanggan`
--

INSERT INTO `tbl_pelanggan` (`kd_pelanggan`, `username_pelanggan`, `password_pelanggan`, `no_ktp_pelanggan`, `nama_pelanggan`, `alamat_pelanggan`, `email_pelanggan`, `telpon_pelanggan`, `img_pelanggan`, `status_pelanggan`, `date_create_pelanggan`) VALUES
('CA0024', 'ihrish', '$2y$10$UsrdRudbABSLLD5ljkPeIOiSJkILOhYdHdzluUi0UnbjQqe5XFaWG', '', 'DIMAS YOGA SAPUTRA', 'kavling tanah tinggi,rt 001/rw 025,setia asih,kecamatan tarumajaya, kabupaten bekasi', 'dimasyogasaputra354@gmail.com', '085714410195', 'assets/frontend/img/default.png', 1, '1776691599');

-- --------------------------------------------------------

--
-- Struktur dari tabel `tbl_sub_menu`
--

CREATE TABLE `tbl_sub_menu` (
  `kd_sub_menu` int(11) NOT NULL,
  `kd_menu` int(11) DEFAULT NULL,
  `title_sub_menu` varchar(128) DEFAULT NULL,
  `url_sub_menu` varchar(128) DEFAULT NULL,
  `is_active_sub_menu` varchar(128) DEFAULT NULL
) ENGINE=InnoDB DEFAULT CHARSET=latin1;

--
-- Dumping data untuk tabel `tbl_sub_menu`
--

INSERT INTO `tbl_sub_menu` (`kd_sub_menu`, `kd_menu`, `title_sub_menu`, `url_sub_menu`, `is_active_sub_menu`) VALUES
(0, 1, 'Dashboard', 'backend/home', '1');

-- --------------------------------------------------------

--
-- Struktur dari tabel `tbl_tiket`
--

CREATE TABLE `tbl_tiket` (
  `kd_tiket` varchar(50) NOT NULL,
  `kd_order` varchar(50) DEFAULT NULL,
  `nama_tiket` varchar(50) DEFAULT NULL,
  `kursi_tiket` varchar(50) DEFAULT NULL,
  `umur_tiket` varchar(50) DEFAULT NULL,
  `asal_beli_tiket` varchar(50) DEFAULT NULL,
  `harga_tiket` varchar(50) NOT NULL,
  `etiket_tiket` varchar(100) DEFAULT NULL,
  `status_tiket` varchar(50) NOT NULL,
  `create_tgl_tiket` date DEFAULT NULL,
  `create_admin_tiket` varchar(50) DEFAULT NULL
) ENGINE=InnoDB DEFAULT CHARSET=latin1;

--
-- Dumping data untuk tabel `tbl_tiket`
--

INSERT INTO `tbl_tiket` (`kd_tiket`, `kd_order`, `nama_tiket`, `kursi_tiket`, `umur_tiket`, `asal_beli_tiket`, `harga_tiket`, `etiket_tiket`, `status_tiket`, `create_tgl_tiket`, `create_admin_tiket`) VALUES
('TORD00001J00012026042817', 'ORD00001', 'Dimas', '17', '19 Tahun', 'TJ001', 'Rp 300.000', 'assets/backend/upload/etiket/ORD00001.pdf', '2', '2026-04-28', 'admin');

-- --------------------------------------------------------

--
-- Struktur dari tabel `tbl_token_pelanggan`
--

CREATE TABLE `tbl_token_pelanggan` (
  `kd_token` int(11) NOT NULL,
  `nama_token` varchar(256) DEFAULT NULL,
  `email_token` varchar(50) DEFAULT NULL,
  `date_create_token` int(11) DEFAULT NULL
) ENGINE=InnoDB DEFAULT CHARSET=latin1;

--
-- Dumping data untuk tabel `tbl_token_pelanggan`
--

INSERT INTO `tbl_token_pelanggan` (`kd_token`, `nama_token`, `email_token`, `date_create_token`) VALUES
(1, '65a01b40a0cc44076458f9d00ce94720', 'demo@mail.com', 1634359787),
(2, 'dd79d52fe9968f73fc66a1d481778655', 'john@mail.com', 1642506186),
(3, 'cd7b785a63c58898bfed23bab186ee1d', 'christine@mail.com', 1672227893),
(4, '616b4176a96b190073514fd3c154c2e0', 'ellen@mail.com', 1672229234),
(5, '87702b38ef9a5b80a98c077c43073182', 'andie@mail.com', 1672235116),
(6, '02a2fcb0be5250471a94142ed81d04df', 'robert@mail.com', 1672247531),
(7, '6f531b65df037f2f7ba0fb78231e577d', 'delbert@mail.com', 1672333316),
(8, '9d40b5ed83fc9cb3ce68f7050d69ee6a', 'ruth@mail.com', 1672336612),
(9, '0cb29395d911e02aba3a746691d7f5cf', 'carl@mail.com', 1672388181),
(10, '276466e9d4a5d8003fde3aa3990f46ae', 'demo@mail.com', 1672396084),
(11, '36c79fa8f57a423a794d8421be08e024', 'diana@mail.com', 1672401155),
(12, '51f91e83a25741a3626f99d0dbf0f5a0', 'agnes@mail.com', 1672401850),
(13, '2ec7e10ab13703d8817a2e74f712f45a', 'mary@mail.com', 1672402552),
(14, '3fed0f58dd880c8fa5f606e7a2b878bf', 'thomasf@mail.com', 1672402730),
(15, 'ca46de539fd1c62fa3614d0b18539233', 'shane@mail.com', 1672414382),
(16, 'a98db0cf72281841d03067c42ab953ac', 'basteven@mail.com', 1672414504),
(17, '6a05822bb349381f20ba0b464559879b', 'williams@mail.com', 1672417879),
(18, '23d43362d4375ec6d563da6466e0b9ee', 'dimasyogasaputra354@gmail.com', 1776691599);

-- --------------------------------------------------------

--
-- Struktur dari tabel `tbl_tujuan`
--

CREATE TABLE `tbl_tujuan` (
  `kd_tujuan` varchar(50) NOT NULL,
  `kota_tujuan` varchar(50) NOT NULL,
  `nama_terminal_tujuan` varchar(50) NOT NULL,
  `terminal_tujuan` varchar(100) NOT NULL
) ENGINE=InnoDB DEFAULT CHARSET=latin1;

--
-- Dumping data untuk tabel `tbl_tujuan`
--

INSERT INTO `tbl_tujuan` (`kd_tujuan`, `kota_tujuan`, `nama_terminal_tujuan`, `terminal_tujuan`) VALUES
('TJ001', 'BEKASI', '', 'TERMINAL BEKASI'),
('TJ002', 'PULOGADUNG', '', 'TERMINAL PULOGADUNG'),
('TJ003', 'DIY YOGYAKARTA', '', 'TERMINAL GIWANGAN');

--
-- Indexes for dumped tables
--

--
-- Indeks untuk tabel `tbl_admin`
--
ALTER TABLE `tbl_admin`
  ADD PRIMARY KEY (`kd_admin`);

--
-- Indeks untuk tabel `tbl_bank`
--
ALTER TABLE `tbl_bank`
  ADD PRIMARY KEY (`kd_bank`);

--
-- Indeks untuk tabel `tbl_bus`
--
ALTER TABLE `tbl_bus`
  ADD PRIMARY KEY (`kd_bus`);

--
-- Indeks untuk tabel `tbl_jadwal`
--
ALTER TABLE `tbl_jadwal`
  ADD PRIMARY KEY (`kd_jadwal`),
  ADD KEY `kd_bus` (`kd_bus`),
  ADD KEY `kd_tujuan` (`kd_tujuan`);

--
-- Indeks untuk tabel `tbl_konfirmasi`
--
ALTER TABLE `tbl_konfirmasi`
  ADD PRIMARY KEY (`kd_konfirmasi`),
  ADD KEY `kode_order` (`kd_order`);

--
-- Indeks untuk tabel `tbl_level`
--
ALTER TABLE `tbl_level`
  ADD PRIMARY KEY (`kd_level`);

--
-- Indeks untuk tabel `tbl_menu`
--
ALTER TABLE `tbl_menu`
  ADD PRIMARY KEY (`kd_menu`);

--
-- Indeks untuk tabel `tbl_order`
--
ALTER TABLE `tbl_order`
  ADD PRIMARY KEY (`id_order`),
  ADD KEY `kd_jadwal` (`kd_jadwal`),
  ADD KEY `kd_kustomer` (`kd_pelanggan`),
  ADD KEY `kd_tiket` (`kd_tiket`),
  ADD KEY `kd_bank` (`kd_bank`);

--
-- Indeks untuk tabel `tbl_pelanggan`
--
ALTER TABLE `tbl_pelanggan`
  ADD PRIMARY KEY (`kd_pelanggan`);

--
-- Indeks untuk tabel `tbl_sub_menu`
--
ALTER TABLE `tbl_sub_menu`
  ADD PRIMARY KEY (`kd_sub_menu`),
  ADD KEY `kd_menu` (`kd_menu`);

--
-- Indeks untuk tabel `tbl_tiket`
--
ALTER TABLE `tbl_tiket`
  ADD PRIMARY KEY (`kd_tiket`),
  ADD KEY `kode_order` (`kd_order`);

--
-- Indeks untuk tabel `tbl_token_pelanggan`
--
ALTER TABLE `tbl_token_pelanggan`
  ADD PRIMARY KEY (`kd_token`);

--
-- Indeks untuk tabel `tbl_tujuan`
--
ALTER TABLE `tbl_tujuan`
  ADD PRIMARY KEY (`kd_tujuan`);

--
-- AUTO_INCREMENT untuk tabel yang dibuang
--

--
-- AUTO_INCREMENT untuk tabel `tbl_level`
--
ALTER TABLE `tbl_level`
  MODIFY `kd_level` int(11) NOT NULL AUTO_INCREMENT, AUTO_INCREMENT=3;

--
-- AUTO_INCREMENT untuk tabel `tbl_menu`
--
ALTER TABLE `tbl_menu`
  MODIFY `kd_menu` int(11) NOT NULL AUTO_INCREMENT, AUTO_INCREMENT=3;

--
-- AUTO_INCREMENT untuk tabel `tbl_order`
--
ALTER TABLE `tbl_order`
  MODIFY `id_order` int(11) NOT NULL AUTO_INCREMENT, AUTO_INCREMENT=2;

--
-- AUTO_INCREMENT untuk tabel `tbl_token_pelanggan`
--
ALTER TABLE `tbl_token_pelanggan`
  MODIFY `kd_token` int(11) NOT NULL AUTO_INCREMENT, AUTO_INCREMENT=19;
COMMIT;

/*!40101 SET CHARACTER_SET_CLIENT=@OLD_CHARACTER_SET_CLIENT */;
/*!40101 SET CHARACTER_SET_RESULTS=@OLD_CHARACTER_SET_RESULTS */;
/*!40101 SET COLLATION_CONNECTION=@OLD_COLLATION_CONNECTION */;
